{
    "type": "FeatureCollection",
    "features": [
        {
            "type": "Feature",
            "properties": {
                "adcode": 140000,
                "name": "山西省",
                "center": [112.549248, 37.857014],
                "centroid": [112.304436, 37.618179],
                "childrenNum": 11,
                "level": "province",
                "parent": { "adcode": 100000 },
                "subFeatureIndex": 3,
                "acroutes": [100000]
            },
            "geometry": {
                "type": "MultiPolygon",
                "coordinates": [
                    [
                        [
                            [110.379257, 34.600612],
                            [110.424837, 34.588295],
                            [110.488279, 34.610956],
                            [110.533242, 34.583368],
                            [110.610851, 34.607508],
                            [110.710017, 34.605045],
                            [110.749437, 34.65232],
                            [110.791937, 34.649858],
                            [110.824582, 34.615881],
                            [110.883712, 34.64395],
                            [110.903422, 34.669056],
                            [110.920052, 34.730068],
                            [110.976103, 34.706456],
                            [111.035233, 34.740887],
                            [111.118385, 34.756623],
                            [111.148566, 34.807742],
                            [111.232949, 34.789559],
                            [111.255123, 34.819535],
                            [111.29208, 34.806759],
                            [111.345666, 34.831816],
                            [111.389398, 34.815113],
                            [111.439289, 34.838202],
                            [111.502731, 34.829851],
                            [111.543999, 34.853428],
                            [111.570484, 34.843114],
                            [111.592042, 34.881416],
                            [111.617911, 34.894671],
                            [111.646861, 34.938836],
                            [111.681969, 34.9511],
                            [111.664107, 34.984449],
                            [111.740483, 35.00455],
                            [111.807005, 35.032977],
                            [111.810084, 35.062374],
                            [111.933272, 35.083435],
                            [111.97762, 35.067272],
                            [112.018888, 35.068742],
                            [112.039214, 35.045717],
                            [112.062004, 35.056005],
                            [112.05646, 35.098615],
                            [112.066315, 35.153437],
                            [112.03983, 35.194039],
                            [112.078634, 35.219467],
                            [112.058924, 35.280069],
                            [112.13838, 35.271275],
                            [112.21722, 35.253195],
                            [112.242474, 35.234622],
                            [112.304684, 35.251728],
                            [112.288053, 35.219956],
                            [112.36751, 35.219956],
                            [112.390915, 35.239021],
                            [112.513487, 35.218489],
                            [112.637291, 35.225822],
                            [112.628052, 35.263457],
                            [112.720443, 35.206265],
                            [112.772798, 35.207732],
                            [112.822073, 35.258082],
                            [112.884283, 35.243909],
                            [112.934174, 35.262968],
                            [112.936022, 35.284466],
                            [112.992072, 35.29619],
                            [112.985913, 35.33965],
                            [112.996384, 35.362104],
                            [113.067217, 35.353806],
                            [113.126347, 35.332327],
                            [113.149137, 35.350878],
                            [113.165151, 35.412845],
                            [113.185477, 35.409431],
                            [113.189789, 35.44893],
                            [113.243375, 35.449418],
                            [113.304353, 35.426989],
                            [113.31236, 35.481101],
                            [113.348085, 35.468429],
                            [113.391817, 35.506925],
                            [113.439244, 35.507412],
                            [113.49899, 35.532254],
                            [113.513773, 35.57364],
                            [113.55812, 35.621816],
                            [113.547649, 35.656835],
                            [113.578446, 35.633491],
                            [113.625258, 35.632518],
                            [113.622794, 35.674825],
                            [113.592613, 35.691838],
                            [113.587685, 35.736542],
                            [113.604932, 35.797727],
                            [113.582758, 35.818111],
                            [113.660982, 35.837035],
                            [113.637576, 35.870019],
                            [113.654207, 35.931586],
                            [113.648663, 35.994073],
                            [113.678844, 35.985841],
                            [113.694859, 36.026991],
                            [113.660366, 36.034735],
                            [113.68562, 36.056026],
                            [113.671453, 36.115514],
                            [113.655439, 36.125182],
                            [113.712721, 36.129533],
                            [113.705946, 36.148865],
                            [113.651127, 36.174473],
                            [113.697939, 36.181719],
                            [113.681924, 36.216491],
                            [113.716417, 36.262347],
                            [113.712105, 36.303353],
                            [113.736127, 36.324571],
                            [113.731199, 36.363135],
                            [113.708409, 36.423352],
                            [113.670221, 36.425278],
                            [113.635729, 36.451277],
                            [113.587069, 36.460904],
                            [113.554425, 36.494589],
                            [113.559968, 36.528741],
                            [113.588917, 36.547974],
                            [113.569823, 36.585947],
                            [113.539642, 36.594116],
                            [113.54457, 36.62342],
                            [113.486671, 36.635427],
                            [113.476816, 36.655114],
                            [113.506997, 36.705029],
                            [113.465113, 36.707908],
                            [113.499606, 36.740527],
                            [113.535946, 36.732373],
                            [113.549497, 36.752515],
                            [113.600004, 36.752995],
                            [113.680692, 36.789907],
                            [113.676381, 36.855539],
                            [113.696707, 36.882351],
                            [113.731815, 36.878521],
                            [113.731815, 36.858891],
                            [113.773083, 36.85506],
                            [113.792793, 36.894796],
                            [113.76138, 36.956034],
                            [113.791561, 36.98759],
                            [113.771851, 37.016745],
                            [113.788482, 37.059739],
                            [113.758301, 37.075497],
                            [113.773699, 37.107004],
                            [113.773083, 37.151855],
                            [113.832213, 37.167594],
                            [113.853155, 37.215269],
                            [113.886416, 37.239095],
                            [113.90243, 37.310052],
                            [113.962792, 37.355734],
                            [113.973879, 37.40329],
                            [114.014531, 37.42468],
                            [114.036705, 37.494037],
                            [114.118625, 37.59084],
                            [114.115545, 37.619761],
                            [114.139567, 37.675676],
                            [114.12848, 37.698409],
                            [114.068118, 37.721608],
                            [113.993589, 37.706932],
                            [113.996669, 37.730128],
                            [114.044712, 37.761834],
                            [114.006524, 37.813386],
                            [113.976959, 37.816696],
                            [113.959097, 37.906468],
                            [113.936307, 37.922993],
                            [113.901198, 37.984811],
                            [113.872249, 37.990471],
                            [113.876561, 38.055059],
                            [113.811271, 38.117707],
                            [113.831597, 38.16854],
                            [113.797105, 38.162894],
                            [113.720728, 38.174656],
                            [113.711489, 38.213695],
                            [113.678844, 38.20523],
                            [113.64312, 38.232031],
                            [113.598772, 38.22733],
                            [113.570439, 38.237202],
                            [113.54457, 38.270569],
                            [113.557504, 38.343359],
                            [113.525475, 38.383245],
                            [113.537794, 38.417952],
                            [113.583374, 38.459671],
                            [113.546417, 38.492936],
                            [113.561816, 38.558483],
                            [113.603084, 38.587024],
                            [113.612939, 38.645942],
                            [113.70225, 38.651551],
                            [113.720728, 38.713218],
                            [113.775547, 38.709949],
                            [113.802648, 38.763166],
                            [113.839605, 38.7585],
                            [113.836525, 38.795824],
                            [113.855619, 38.828933],
                            [113.795257, 38.860628],
                            [113.776163, 38.885788],
                            [113.76754, 38.959819],
                            [113.776779, 38.986804],
                            [113.80696, 38.989595],
                            [113.898119, 39.067699],
                            [113.930148, 39.063517],
                            [113.961561, 39.100681],
                            [113.994821, 39.095572],
                            [114.006524, 39.122971],
                            [114.050872, 39.135969],
                            [114.064422, 39.094179],
                            [114.082901, 39.09325],
                            [114.082901, 39.09325],
                            [114.10877, 39.052364],
                            [114.157429, 39.061194],
                            [114.180835, 39.049111],
                            [114.252284, 39.073739],
                            [114.345907, 39.075133],
                            [114.369928, 39.107648],
                            [114.360689, 39.134112],
                            [114.388406, 39.176807],
                            [114.443841, 39.174023],
                            [114.47587, 39.21623],
                            [114.416124, 39.242654],
                            [114.437066, 39.259337],
                            [114.430906, 39.307513],
                            [114.466631, 39.329736],
                            [114.469095, 39.400989],
                            [114.496812, 39.438437],
                            [114.501739, 39.476789],
                            [114.532536, 39.486027],
                            [114.568877, 39.573729],
                            [114.51529, 39.564964],
                            [114.49558, 39.608318],
                            [114.431522, 39.613851],
                            [114.408117, 39.652106],
                            [114.409964, 39.761683],
                            [114.41674, 39.775943],
                            [114.390254, 39.819165],
                            [114.406885, 39.833413],
                            [114.395182, 39.867412],
                            [114.285545, 39.858225],
                            [114.286776, 39.871087],
                            [114.215943, 39.8619],
                            [114.204241, 39.885324],
                            [114.229494, 39.899558],
                            [114.212248, 39.918839],
                            [114.17406, 39.897722],
                            [114.067502, 39.922511],
                            [114.047176, 39.916085],
                            [114.028082, 39.959218],
                            [114.029314, 39.985819],
                            [113.910438, 40.015618],
                            [113.959097, 40.033491],
                            [113.989278, 40.11226],
                            [114.018227, 40.103563],
                            [114.045944, 40.056856],
                            [114.086596, 40.071513],
                            [114.101995, 40.099901],
                            [114.073046, 40.168533],
                            [114.073046, 40.168533],
                            [114.097683, 40.193681],
                            [114.135871, 40.175392],
                            [114.180219, 40.191395],
                            [114.235654, 40.198252],
                            [114.255364, 40.236182],
                            [114.292936, 40.230242],
                            [114.362537, 40.249886],
                            [114.406269, 40.246232],
                            [114.46971, 40.268155],
                            [114.510978, 40.302851],
                            [114.530688, 40.345283],
                            [114.481413, 40.34802],
                            [114.438914, 40.371733],
                            [114.390254, 40.351213],
                            [114.381015, 40.36307],
                            [114.31203, 40.372645],
                            [114.286161, 40.425057],
                            [114.299711, 40.44009],
                            [114.267066, 40.474242],
                            [114.282465, 40.494725],
                            [114.293552, 40.55159],
                            [114.273842, 40.552954],
                            [114.283081, 40.590685],
                            [114.236269, 40.607043],
                            [114.183299, 40.67153],
                            [114.162357, 40.71373],
                            [114.134639, 40.737314],
                            [114.084748, 40.729605],
                            [114.063806, 40.706925],
                            [114.07243, 40.679246],
                            [114.041633, 40.608861],
                            [114.076741, 40.575686],
                            [114.080437, 40.547952],
                            [114.061959, 40.52885],
                            [114.011452, 40.515657],
                            [113.948626, 40.514747],
                            [113.890112, 40.466503],
                            [113.850691, 40.460583],
                            [113.794641, 40.517932],
                            [113.763228, 40.473787],
                            [113.688699, 40.448288],
                            [113.559968, 40.348476],
                            [113.500222, 40.334335],
                            [113.387505, 40.319279],
                            [113.316672, 40.319736],
                            [113.27602, 40.388601],
                            [113.251382, 40.413211],
                            [113.083231, 40.374925],
                            [113.03334, 40.368997],
                            [112.898449, 40.329317],
                            [112.848558, 40.206937],
                            [112.744464, 40.167161],
                            [112.712436, 40.178593],
                            [112.6299, 40.235725],
                            [112.511639, 40.269068],
                            [112.456205, 40.300112],
                            [112.418017, 40.295091],
                            [112.349031, 40.257194],
                            [112.310227, 40.256281],
                            [112.299756, 40.21105],
                            [112.232619, 40.169905],
                            [112.232003, 40.133311],
                            [112.183344, 40.083877],
                            [112.182112, 40.061437],
                            [112.142076, 40.027076],
                            [112.133453, 40.001866],
                            [112.07617, 39.919298],
                            [112.042294, 39.886243],
                            [112.012729, 39.827438],
                            [111.970229, 39.796638],
                            [111.959758, 39.692642],
                            [111.925265, 39.66731],
                            [111.9382, 39.623071],
                            [111.87907, 39.606013],
                            [111.842729, 39.620305],
                            [111.783599, 39.58895],
                            [111.722621, 39.606013],
                            [111.659179, 39.641507],
                            [111.625303, 39.633672],
                            [111.525521, 39.662242],
                            [111.497187, 39.661781],
                            [111.445448, 39.640124],
                            [111.460847, 39.606935],
                            [111.441137, 39.59679],
                            [111.422043, 39.539123],
                            [111.431282, 39.508656],
                            [111.372152, 39.479099],
                            [111.358601, 39.432428],
                            [111.337043, 39.420872],
                            [111.171971, 39.423183],
                            [111.143022, 39.407926],
                            [111.125776, 39.366297],
                            [111.159037, 39.362596],
                            [111.155341, 39.338531],
                            [111.186138, 39.35149],
                            [111.179363, 39.326959],
                            [111.202152, 39.305197],
                            [111.247732, 39.302419],
                            [111.213239, 39.257021],
                            [111.219399, 39.244044],
                            [111.163348, 39.152678],
                            [111.173819, 39.135041],
                            [111.147334, 39.100681],
                            [111.138095, 39.064447],
                            [111.094363, 39.030053],
                            [111.038313, 39.020289],
                            [110.998276, 38.998433],
                            [110.980414, 38.970056],
                            [111.009979, 38.932823],
                            [111.016755, 38.889981],
                            [110.995813, 38.868084],
                            [111.009363, 38.847579],
                            [110.965016, 38.755699],
                            [110.915125, 38.704345],
                            [110.916357, 38.673981],
                            [110.880632, 38.626776],
                            [110.898494, 38.587024],
                            [110.920052, 38.581878],
                            [110.907733, 38.521035],
                            [110.870777, 38.510265],
                            [110.874473, 38.453579],
                            [110.840596, 38.439986],
                            [110.796864, 38.453579],
                            [110.77777, 38.440924],
                            [110.746973, 38.366355],
                            [110.701394, 38.353215],
                            [110.661358, 38.308617],
                            [110.601612, 38.308147],
                            [110.57759, 38.297345],
                            [110.565887, 38.215105],
                            [110.528315, 38.211814],
                            [110.509221, 38.192061],
                            [110.519692, 38.130889],
                            [110.501829, 38.097929],
                            [110.507989, 38.013107],
                            [110.528315, 37.990471],
                            [110.522771, 37.955088],
                            [110.59422, 37.922049],
                            [110.680452, 37.790216],
                            [110.735886, 37.77035],
                            [110.750669, 37.736281],
                            [110.716792, 37.728708],
                            [110.706321, 37.705511],
                            [110.775306, 37.680886],
                            [110.793169, 37.650567],
                            [110.763604, 37.639668],
                            [110.771611, 37.594634],
                            [110.795017, 37.558586],
                            [110.770995, 37.538184],
                            [110.759292, 37.474567],
                            [110.740198, 37.44939],
                            [110.644111, 37.435135],
                            [110.630561, 37.372858],
                            [110.641648, 37.360015],
                            [110.695234, 37.34955],
                            [110.678604, 37.317668],
                            [110.690307, 37.287201],
                            [110.661974, 37.281963],
                            [110.651503, 37.256722],
                            [110.590525, 37.187145],
                            [110.53509, 37.138021],
                            [110.535706, 37.115118],
                            [110.49567, 37.086956],
                            [110.460561, 37.044932],
                            [110.417446, 37.027257],
                            [110.426685, 37.008621],
                            [110.382953, 37.022001],
                            [110.381721, 37.002408],
                            [110.424221, 36.963685],
                            [110.408823, 36.892403],
                            [110.376178, 36.882351],
                            [110.424221, 36.855539],
                            [110.406975, 36.824886],
                            [110.423605, 36.818179],
                            [110.407591, 36.776007],
                            [110.447011, 36.737649],
                            [110.438388, 36.685835],
                            [110.402663, 36.697352],
                            [110.394656, 36.676716],
                            [110.426685, 36.657514],
                            [110.447627, 36.621018],
                            [110.496902, 36.582102],
                            [110.488895, 36.556628],
                            [110.503677, 36.488335],
                            [110.47288, 36.453203],
                            [110.489511, 36.430094],
                            [110.487047, 36.393972],
                            [110.459946, 36.327946],
                            [110.474112, 36.306729],
                            [110.474112, 36.248352],
                            [110.45625, 36.22663],
                            [110.447011, 36.164328],
                            [110.467953, 36.074893],
                            [110.491974, 36.034735],
                            [110.49259, 35.994073],
                            [110.516612, 35.971796],
                            [110.502445, 35.947575],
                            [110.516612, 35.918501],
                            [110.511684, 35.879718],
                            [110.549257, 35.877778],
                            [110.550489, 35.838005],
                            [110.571431, 35.800639],
                            [110.57759, 35.701559],
                            [110.609619, 35.632031],
                            [110.589293, 35.602355],
                            [110.567735, 35.539559],
                            [110.531394, 35.511309],
                            [110.477808, 35.413821],
                            [110.45009, 35.327933],
                            [110.374946, 35.251728],
                            [110.378642, 35.210666],
                            [110.364475, 35.197952],
                            [110.373714, 35.134351],
                            [110.320743, 35.00504],
                            [110.262229, 34.944233],
                            [110.230816, 34.880925],
                            [110.246831, 34.789068],
                            [110.243135, 34.725641],
                            [110.229584, 34.692679],
                            [110.269004, 34.629671],
                            [110.29549, 34.610956],
                            [110.379257, 34.600612]
                        ]
                    ]
                ]
            }
        }
    ]
}